domain,domain_count
bit.ly,2190
youtube.com,1741
ow.ly,1345
youtu.be,1225
goo.gl,891
instagram.com,861
ift.tt,805
fb.me,782
nyti.ms,763
politi.co,715
mobile.nytimes.com,567
cnn.com,537
news.sky.com,524
cnn.it,515
buff.ly,512
palmerreport.com,507
huffingtonpost.com,501
ln.is,458
theguardian.com,409
reverbnation.com,400
washingtonpost.com,393
politicususa.com,389
paper.li,384
wapo.st,336
politico.com,328
nytimes.com,322
wpo.st,293
facebook.com,243
homicides.suntimes.com,231
talkingpointsmemo.com,231
cbsnews.com,230
thehill.com,225
apple.news,219
sierrakummings.wordpress.com,217
bbc.co.uk,200
google.com,197
dailykos.com,195
msnbc.com,170
DCReport.org,153
independent.co.uk,152
wmc.meteoinfo.ru,148
rawstory.com,146
usat.ly,142
m.dailykos.com,140
periscope.tv,139
theatlantic.com,136
soundcloud.com,135
tinyurl.com,132
mobile.twitter.com,131
nymag.com,124
newyorker.com,119
vox.com,115
huff.to,103
dailym.ai,102
yahoo.com,102
amazon.com,98
amzn.to,98
slate.com,97
theintercept.com,97
every2min.com,96
nydailynews.com,94
occupydemocrats.com,94
abcn.ws,90
m.facebook.com,90
karmicreaction.com,88
crwd.fr,87
medium.com,87
trumpofficialnews.cf,87
share.credoaction.com,82
anti-imperialist-u.blogspot.com,80
cjr.org,76
impeachdonaldtrumpnow.org,76
trib.al,74
a.msn.com,73
m.youtube.com,72
nbcnews.to,72
salon.com,72
cards.twitter.com,70
thinkprogress.org,67
go.shr.lc,65
grabyourwallet.org,65
ht.ly,65
stjr.nl,64
interc.pt,63
prt.st,63
dlvr.it,62
fus.in,62
snip.ly,59
abc7.ws,56
vanityfair.com,55
m.huffpost.com,54
n.pr,54
s.mlive.com,54
wp.me,54
bipartisanreport.com,53
docs.google.com,53
theroot.com,53
youcaring.com,53
bbc.com,52
abcnews.go.com,51
bbc.in,51
nydn.us,51
money.cnn.com,50
thenation.com,50
vitw.it,50
alternet.org,48
etsy.com,47
thebea.st,47
desmogblog.com,46
johnpavlovitz.com,46
reut.rs,46
reuters.com,46
eastbaytimes.com,45
fw.to,45
itunes.apple.com,45
npr.org,45
m.imgur.com,44
wsj.com,44
bloomberg.com,43
mic.com,42
businessinsider.com,40
vimeo.com,40
usatoday.com,38
nbcnews.com,37
thetrumpimpeachment.com,37
theweek.com,37
alangorg.wordpress.com,35
boingboing.net,35
activist-wear.com,34
kcts9.org,34
latimes.com,34
Www.stopmotionsolo.tv,34
change.org,33
counterpunch.org,33
vivaliberty.com,33
axios.com,32
mobile.reuters.com,32
smq.tc,32
wired.com,32
buzzfeed.com,31
commondreams.org,31
newsweek.com,31
foreignpolicy.com,30
blogs.post-gazette.com,29
flip.it,29
ibtimes.com,29
attn.com,28
cbc.ca,28
crooksandliars.com,28
dailymail.co.uk,28
ebony.com,28
livingtheblues.wordpress.com,28
actionnetwork.org,27
d.shpg.org,27
resistancereport.com,27
deathandtaxesmag.com,26
propublica.org,26
ref.gl,26
reverbpress.com,26
tmblr.co,26
amp.usatoday.com,25
democracynow.org,25
forbes.com,25
nypost.com,25
orgcns.org,25
petitions.whitehouse.gov,25
teespring.com,24
gq.com,23
opednews.com,23
resistancenearme.org,23
Revote2017.org,23
mashable.com,22
thedailybeast.com,22
dcreport.org,21
PeopleEmpowermentProgram.org,21
amp.cnn.com,20
bluedotdaily.com,20
corrupt.af,20
foxnews.com,20
haymarketbooks.org,20
heatst.com,20
learnprogress.org,20
themarysue.com,20
zazzle.com,20
dld.bz,19
edition.cnn.com,19
killercopscanada.wordpress.com,19
lawfareblog.com,19
motherjones.com,19
theblaze.com,19
time.com,19
togetter.com,19
bigstory.ap.org,18
blacklivesmatter.com,18
concealncarry.stfi.re,18
marieclaire.com,18
news.google.com,18
affinitymagazine.us,17
itun.es,17
michronicleonline.com,17
redbubble.com,17
shar.es,17
tspr.ng,17
chicagotribune.com,16
fortune.com,16
fusion.net,16
j.mp,16
legalshield.com,16
shareblue.com,16
trofire.com,16
addictinginfo.org,15
breitbart.com,15
cnbc.com,15
dailyherald.com,15
etsy.me,15
fredericacade.wordpress.com,15
louderwithcrowder.com,15
nj.com,15
odandi.blogspot.com,15
theatln.tc,15
usnews.com,15
valleynewslive.com,15
ft.com,14
impeachforpeace.org,14
inquisitr.com,14
linkis.com,14
m.motherjones.com,14
msn.com,14
open.spotify.com,14
read.bi,14
resistmedia.org,14
politico.eu,13
samtiden.com,13
theduran.com,13
wmw-md.org,13
aljazeera.com,12
americaspaper.cf,12
amp.twimg.com,12
billmoyers.com,12
brev.is,12
cosmopolitan.com,12
credo.cm,12
ecowatch.com,12
esquire.com,12
lat.ms,12
on.wsj.com,12
splcenter.org,12
theblaze.com:80,12
congress.gov,11
countzpr.com,11
drive.google.com,11
electjon.com,11
petitions.moveon.org,11
rollingstone.com,11
takingbacktheradio.com,11
truthdig.com,11
aclu.org,10
aol.it,10
finance.yahoo.com,10
goodnewsnetwork.org,10
m.mic.com,10
mediaite.com,10
news.com.au,10
obamawhitehouse.archives.gov,10
patribotics.wordpress.com,10
reddit.com,10
resistancemanual.org,10
revote.info,10
seattlepi.com,10
tee.pub,10
telegraph.co.uk,10
thetalkingdemocrat.com,10
tl.gd,10
141.105.65.113.ipaddress.com,9
abc.net.au,9
apnews.com,9
bullshit.ist,9
cafepress.com,9
demu.gr,9
dennismichaellynch.com,9
indiegogo.com,9
IndivisibleGuide.com,9
mm4a.org,9
morningstaronline.co.uk,9
nybooks.com,9
paulsnewsline.blogspot.com,9
pbs.org,9
sawarimi.org,9
soopermexican.com,9
TheTrialOfDonaldTrump.com,9
truth-out.org,9
vice.com,9
villagevoice.com,9
yabberz.com,9
amp.theguardian.com,8
atlantablackstar.com,8
club17.com,8
DoTheDifficult.org,8
ebay.com,8
en.wikipedia.org,8
gofundme.com,8
jacobinmag.com,8
lnkd.in,8
m.washingtontimes.com,8
makeimpeachmentgreatagain.biz,8
myunion.utsnyc.edu,8
narrative-collapse.com,8
nbclosangeles.com,8
prophecyandpollution.wordpress.com,8
qz.com,8
rol.st,8
sfgate.com,8
teenvogue.com,8
theglobeandmail.com,8
ti.me,8
to.pbs.org,8
wearethisamericancarnage.wordpress.com,8
aje.io,7
anaprose.wordpress.com,7
bv.ms,7
campaigns.organizefor.org,7
capitalclothing.net,7
crfrm.us,7
dailycaller.com,7
dallasnews.com,7
DoItForTheUSA.com,7
eepurl.com,7
EVERY.SINGLE.DAY,7
gocomics.com,7
interaksyon.com,7
justsecurity.org,7
law.cornell.edu,7
m.sfgate.com,7
miamiherald.com,7
military.com,7
mytweetmark.com,7
news.vice.com,7
observer.com,7
palmbeachpost.com,7
paypal.me,7
peoplesworld.org,7
quora.com,7
rbl.ms,7
scientificamerican.com,7
secure.actblue.com,7
smh.com.au,7
soule.mx,7
spoti.fi,7
thegatewaypundit.com,7
tmj4.com,7
townhall.com,7
washingtontimes.com,7
abc7chicago.com,6
afr.com,6
americannewsx.com,6
billboard.com,6
ellemag.co,6
ew.com,6
fee.org,6
freebeacon.com,6
globalnews.ca,6
go.peoplepower.org,6
konbini.com,6
mlive.com,6
nevahblackdown.com,6
newstalk1130.iheart.com,6
nyp.st,6
NYTimes.com,6
patreon.com,6
philly.com,6
politifact.com,6
project-black.com,6
revote2016.org,6
rt.com,6
sciencemag.org,6
seattletimes.com,6
stoptrumpnowblog.wordpress.com,6
swalwell.house.gov,6
talkingfreedom.pe.hu,6
thecollegefix.com,6
theradiancefoundation.org,6
thestar.com,6
thestranger.com,6
thewrap.com,6
TomPriggforCongress.com,6
trumpedamerica.appspot.com,6
trumptax.me,6
zerohedge.com,6
abc7news.com,5
advocate.com,5
anthropoliteia.net,5
beta.theglobeandmail.com,5
biglyupset.com,5
blackcentralstation.org,5
bookriot.com,5
bostonglobe.com,5
bustle.com,5
byronkennard.com,5
calendar.resistancecalendar.org,5
chicagomonitor.com,5
cnb.cx,5
comicwisdom.com,5
cunylawreview.org,5
curiouscat.me,5
edmontonquotient.com,5
fivethirtyeight.com,5
forwardprogressives.com,5
fxn.ws,5
gainesville.com,5
GratisKeiz4Free.com,5
gu.com,5
heat.st,5
heyxorje.com,5
hollywoodreporter.com,5
hotair.com,5
htl.li,5
ind.pn,5
infowars.com,5
jezebel.com,5
laprogressive.com,5
meetup.com,5
natl.re,5
nejm.org,5
newrepublic.com,5
newsone.com,5
newsthump.com,5
nrdc.org,5
on.freep.com,5
political-heat.blogspot.com,5
resistancecalendar.org,5
richardjEvans.com,5
stern.de,5
stuckwithmenow.com,5
thebwlog.com,5
theconversation.com,5
theestablishment.co,5
theidesoftrump.com,5
thenewcivilrightsmovement.com,5
thenib.com,5
tiny.cc,5
topbuzz.com,5
twitlonger.com,5
uppitywis.org,5
washingtoninformer.com,5
womensmarch.com,5
wonkette.com,5
7dvt.co,4
actions.priceofoil.org,4
al.com,4
aol.com,4
blacklivesmatternyc.com,4
blackourstory.tumblr.com,4
blogometry.com,4
blogtalkradio.com,4
bloom.bg,4
capitolhillseattle.com,4
cnet.com,4
CNNPolitics.com,4
cp24.com,4
dailydemocrat.com,4
deadline.com,4
delonline.us,4
dw.com,4
eventbrite.com,4
faxzero.com,4
fbi.gov,4
fergusonresponse.tumblr.com,4
flickr.com,4
freakoutnation.com,4
frohmedporche.blogspot.com,4
Ginahumber.com,4
giphy.com,4
goodmenproject.com,4
google.co.uk,4
goop.com,4
hill.cm,4
hinterlandgazette.com,4
host.madison.com,4
hotbeak.com,4
i.imgur.com,4
indivisibleguide.com,4
indy.st,4
justice.gov,4
kck.st,4
kickstarter.com,4
kineticslive.com,4
klou.tt,4
laist.com,4
lecs-center.org,4
livenewschat.eu,4
macleans.ca,4
mintpressnews.com,4
nbcchicago.com,4
newblackmaninexile.net,4
news.nationalpost.com,4
news4jax.com,4
newsy.com,4
nonprofitquarterly.org,4
npr.tumblr.com,4
okayplayer.com,4
ourfuture.org,4
pen.org,4
pewrsr.ch,4
po.st,4
racked.com,4
radiobubble.radiojar.com,4
resistanceradio.com,4
roseswiggingyobs.wordpress.com,4
rrwolfgang.com,4
rtvslo.si,4
s.oregonlive.com,4
samuel-warde.com,4
seedandspark.com,4
shitskin.com,4
snopes.com,4
swingleft.org,4
theage.com.au,4
theintellectualist.co,4
TheResistance.blog,4
tmi.me,4
usgovinfo.about.com,4
ustream.tv,4
videos.nymag.com,4
vulture.com,4
waterfordwhispersnews.com,4
whatshouldmysignsay.com,4
winedrunksidewalk.blogspot.com,4
wkow.com,4
wtae.com,4
yesmagazine.org,4
21stcenturywire.com,3
5calls.org,3
abc7.com,3
abc7ne.ws,3
aboriginalwriter.wordpress.com,3
aeinstein.org,3
ajc.com,3
ALLOUTHUSTLE.COM,3
altfactera.com,3
americanthinker.com,3
apne.ws,3
apnewsarchive.com,3
araac.org,3
aritayoshifu.blogspot.jp,3
atalkingdude.com,3
bamoninloveforeverandalways.tumblr.com,3
basketofdeplorables.games,3
bethechangemom.com,3
bilingualreview.utsa.edu,3
biologicaldiversity.org,3
blackagendareport.com,3
blacklivesmattervermont.com,3
blavity.com,3
bluelivesmatter.blue,3
cbsloc.al,3
channel4.com,3
chicagoreader.com,3
climatecentral.org,3
cnnmon.ie,3
conservativereview.com,3
conservativetribune.com,3
countable.us,3
countercurrentnews.com,3
crowdrise.com,3
ctvnews.ca,3
culanth.org,3
dailyhaiku.com,3
dailyheathen.net,3
DAILYKENN.com,3
dailylocal.com,3
dailymotion.com,3
disq.us,3
documentcloud.org,3
dpo.st,3
eatprayvote.org,3
ecorazzi.com,3
electricliterature.com,3
en.m.wikipedia.org,3
essence.com,3
faz.net,3
freep.com,3
freeraven.net,3
gab.ai,3
gma.yahoo.com,3
google.ca,3
gph.is,3
gunngraphics.biz,3
happyresistance.com,3
hudl.com,3
huffingtonpost.ca,3
huffingtonpost.com.au,3
i2.cdn.cnn.com,3
indy100.com,3
insideclimatenews.org,3
insidehighered.com,3
inthesetimes.com,3
is.gd,3
itsthebulletin.com,3
jsonline.com,3
ka-os.blogspot.co.uk,3
komonews.com,3
kuow.org,3
lgbtqnation.com,3
m.soundcloud.com,3
map.peoplepower.org,3
mcclatchydc.com,3
mediamatters.org,3
memorydaycalendar.blogspot.com,3
mercurynews.com,3
MSNBC.com,3
n-tv.de,3
nashvillescene.com,3
NaturalNews.com,3
nbc.com,3
netflix.com,3
news.vanderbilt.edu,3
newscdn.newsrep.net,3
nym.ag,3
nypost-com.cdn.ampproject.org,3
occuworld.org,3
on-ajc.com,3
onewi.org,3
oregonlive.com,3
patheos.com,3
pencenews.tk,3
politicalnewsreview.com,3
politicalwire.com,3
poll.qu.edu,3
pri.org,3
psmag.com,3
redef.it,3
revcom.us,3
s.al.com,3
s.nj.com,3
scribd.com,3
secondnexus.com,3
slainbaby.nyc,3
storify.com,3
strib.mn,3
telesurtv.net,3
tellallyourfriends.org,3
texastribune.org,3
the-american-interest.com,3
thesixtyfive.org,3
theverge.com,3
thewheelerreport.com,3
tugoffaith.com,3
unicornriot.ninja,3
upworthy.com,3
viid.me,3
voices4hillary.com,3
washex.am,3
whatthefuckjusthappenedtoday.com,3
womeninandbeyond.org,3
wweek.com,3
yaleherald.com,3
yesclash.com,3
act.gp,2
act.weareultraviolet.org,2
action.aclu.org,2
action.dccc.org,2
afsc.org,2
alexanderhiggins.com,2
all-that-is-interesting.com,2
americanprogress.org,2
amtvmedia.vhx.tv,2
ancestry.com,2
arcade.gamesalad.com,2
arktimes.com,2
avclub.com,2
azc.cc,2
beverly.wickedlocal.com,2
biography.com,2
Bit.ly,2
blackbutterfly7.files.wordpress.com,2
blackconservative360.blogspot.com,2
blacklegacy.co,2
blackmediamine.blogspot.com,2
blackreparationsnow.com,2
blackyouthproject.com,2
blog.humanesociety.org,2
blogs.scientificamerican.com,2
boston.com,2
brennancenter.org,2
cameroon-concord.com,2
catherineldf.dreamwidth.org,2
cctv.org,2
charlotteobserver.com,2
chicago.suntimes.com,2
chocolatevent.com,2
chuffed.org,2
civitasonline.net,2
commentarymagazine.com,2
conservativedailypost.com,2
conta.cc,2
contactingcongress.org,2
cottonbureau.com,2
cqrcengage.com,2
CrabDiving.com,2
ctrlq.org,2
cubainsidetheworld.wordpress.com,2
cyberguerrilla.org,2
dailyaction.org,2
dailynewsbin.com,2
dailywire.com,2
datpiff.com,2
deadstate.org,2
degeneratenews.com,2
Draftbernie.org,2
dredscottlives.org,2
ebay.to,2
EBONY.com,2
electronicintifada.net,2
elevatedarchive.com,2
endrtimes.blogspot.com,2
energizedamerica.wordpress.com,2
eurweb.com,2
eyesforlies.com,2
fakepresidentnews.com,2
falladaproject.org,2
fcnl.org,2
firstcoastnews.com,2
flippable.org,2
frantzformayor.com,2
g.co,2
geomac.gov,2
gizmodo.com,2
globalguerrillas.typepad.com,2
gloriouspublication.com,2
go.electjon.com,2
gofund.me,2
gopocalypse.org,2
gothamist.com,2
grandforksherald.com,2
hatecrime.osce.org,2
hosted.ap.org,2
hotepnation.com,2
icp.org,2
idahostatesman.com,2
impactwaterllc.wordpress.com,2
indierapblog.com,2
indystar.com,2
inhabitat.com,2
insider.foxnews.com,2
intellihub.com,2
inv.rs,2
irishtimes.com,2
islamswomen.com,2
israelunite.org,2
issuu.com,2
itaks.com,2
jacksonville.com,2
jesterscourt.cc,2
justicebuilding.blogspot.com,2
justicefordanielholtzclaw.com,2
king5.com,2
kitoconnell.com,2
knoxne.ws,2
ktla.com,2
kvue.com,2
lab.witness.org,2
laresistanceshoppe.bigcartel.com,2
laweekly.com,2
lcspeicher.wordpress.com,2
lieu.house.gov,2
lifenews.com,2
lionsroar.com,2
m.economictimes.com,2
m.pghcitypaper.com,2
m3m.cc,2
maryengelbreit.com,2
mcsweeneys.net,2
meganews360.com,2
mensjournal.com,2
metrotimes.com,2
minettareview.submittable.com,2
mobile.wnd.com,2
mojo.ly,2
muckrock.com,2
muslimmatters.org,2
naacp.org,2
narcissismdocumentary.com,2
nation.foxnews.com,2
nationalmemo.com,2
nationalreview.com,2
ncleg.net,2
news.groopspeak.com,2
news360.com,2
newser.com,2
newshornet.com,2
newslogue.com,2
newsmax.com,2
nextshark.com,2
niacaction.org,2
notifyr.link,2
nwsdy.li,2
on.mktw.net,2
on.rt.com,2
one.npr.org,2
oneunited.com,2
orwell.ru,2
ozy.com,2
Patch.com,2
pau.by,2
people.com,2
petitions.signforgood.com,2
pge.sx,2
podbean.com,2
policy.m4bl.org,2
politicalhat.com,2
propeller.la,2
proudemocrat.com,2
psychologytoday.com,2
publicpolicypolling.com,2
qza.me,2
rachelmurphyazzara.com,2
radiofree.org,2
rallyzine.wordpress.com,2
readersupportednews.org,2
recode.net,2
redpanels.com,2
redpepper.org.uk,2
RESISTANCECALENDAR.ORG,2
resistnecklace.com,2
rethinkingschools.org,2
rewire.link,2
ripittoshreds.com,2
roanoke.com,2
robocup-press.com,2
rss.cnn.com,2
sacredresist.org,2
sciencealert.com,2
scienmag.com,2
shop.theplatfxrm.com,2
shuckandjive.xyz,2
slate.me,2
snpy.tv,2
society6.com,2
soothe.com,2
spectator.org,2
spike.com,2
stitcher.com,2
Studentaid.gov,2
surveymonkey.com,2
swarmapp.com,2
tandfonline.com,2
thefederalist.com,2
thefiscaltimes.com,2
thegoodlordabove.com,2
theidesoftrump.net,2
thelibertarianrepublic.com,2
themoscowtimes.com,2
thenews.com.pk,2
thenightowlactivist.blogspot.com,2
thepetitionsite.com,2
therenegadenetwork.wordpress.com,2
TheResistanceUnite.org,2
thespoof.com,2
thetrumpwatchdog.com,2
theundefeated.com,2
thingiverse.com,2
time4someaction.com,2
timesnow.tv,2
toi.in,2
travelandleisure.com,2
truthexaminer.com,2
truthfeed.com,2
truthrevolt.org,2
tuppu.net,2
ucr.fbi.gov,2
unitycentreglasgow.org,2
urbn.is,2
usmagazine.com,2
uspoln.com,2
variety.com,2
vdlf.org,2
vevo.ly,2
vibe.com,2
video.foxnews.com,2
viewer.zmags.com,2
wall-of-us.org,2
washingtonexaminer.com,2
watergate.info,2
wavy.com,2
wethoughttheywerewhite.weebly.com,2
wfu.us7.list-manage.com,2
whitehouse.gov,2
wisconsingazette.com,2
wordpress.com,2
workflow-vcs.de,2
worldstarhiphop.com,2
writeupcafe.com,2
Www.organikzapparell.com,2
Www.teespring.com,2
wxyz.com,2
youmightalsolike.net,2
Yourstrulylinaco.com,2
zeit.de,2
11alive.com,1
1461daysoftrump.blogspot.com,1
2017acpwalk.org,1
2wsb.tv,1
3.sexxx.men,1
350.org,1
3vo.co,1
42flies.com,1
521LOVECOUTURE.COM,1
53eig.ht,1
53per.center,1
92y.org,1
99activist.com,1
99percentinvisible.org,1
9news.com,1
abc10.com,1
abc11.com,1
abc15.com,1
abc7.la,1
abc7ny.com,1
abqjournal.com,1
academia.org,1
accordingtoadrienne.com,1
act.boldprogressives.org,1
act.colorofchange.org,1
act.credoaction.com,1
act.greenpeace.org,1
act.ips-dc.org,1
actb.lu,1
action.biologicaldiversity.org,1
action.foe.org,1
action.groundswell-mvmt.org,1
actionsprout.io,1
activateiowa.org,1
adweek.it,1
aei.org,1
africanamerica.org,1
afropunk.com,1
ahtribune.com,1
ajplus.co,1
allafrica.com,1
allenbwest.com,1
altleft.rocks,1
alturl.com,1
ameblo.jp,1
america.aljazeera.com,1
americanow.com,1
amnesty.org,1
amp.nj.com,1
amsterdamnews.com,1
analysisanddiscourse.com,1
anonhq.com,1
apa.org,1
aps.org,1
archive.is,1
archive.org,1
archpaper.com,1
areyousorryyet.com,1
argentdinternet.tumblr.com,1
arkleg.state.ar.us,1
arstechnica.com,1
art19.com,1
asahi.com,1
ashbrook.org,1
askakorean.blogspot.kr,1
ati.ms,1
atlanticcouncil.org,1
atlasobscura.com,1
audioboom.com,1
azcentral.com,1
azquotes.com,1
baltimoresun.com,1
barackobama.com,1
bascompalmer.org,1
batiraporu.com,1
bayrefuge.org,1
bayresistance.org,1
berkeleyside.com,1
bet.us,1
biblegateway.com,1
bild.de,1
birminghammail.co.uk,1
bizpacreview.com,1
blackamericaweb.com,1
blackboardmag.com,1
blacklistednews.com,1
blacklivesmattersyllabus.com,1
blackmattersus.com,1
blog.dictionary.com,1
blog.historians.org,1
blog.loyola.edu,1
blog.oceanconservancy.org,1
blogto.com,1
blubrry.com,1
boredpanda.com,1
borgenproject.org,1
brainpickings.org,1
breachrepairers.org,1
breadcrumbsmag.com,1
breakingnewspolitics.com,1
broadly.vice.com,1
brookings.edu,1
bsun.md,1
burrardstreetjournal.com,1
bushtheatre.co.uk,1
buyingbias.org,1
bythebloodofthelamb.wordpress.com,1
c-span.org,1
C.Page,1
cagle.com,1
CallRawsiWilliams.com,1
canadafreepress.com,1
carbonated.tv,1
care2.com,1
carriemaeweems.net,1
casetext.com,1
casey.senate.gov,1
catholic.org,1
cbs12.com,1
cbsnews.cbs.com,1
cbssports.com,1
cc.com,1
cellphonetapped.com,1
chamomileteaparty.com,1
chanceraps.com,1
Change.org,1
chattanoogan.com,1
CHEETOHJESUS.NET,1
chem.info,1
Chess.com,1
chron.com,1
cinemacruiser.blogspot.rs,1
citizenactionwi.org,1
citizenslant.com,1
citypages.com,1
clarionproject.org,1
cleveland.com,1
clevelandpolicemonitor.net,1
clickbank.wegethotleads.com,1
clubseventeen.com,1
Clubseventeen.com,1
CNN.com,1
cnsnews.com,1
cntraveler.com,1
coast.noaa.gov,1
coldheartedtruthlegacy.blogspot.com,1
colorlines.com,1
comedyfeed.co.uk,1
commonwealthfund.org,1
commun.it,1
consequencemagazine.org,1
conservatism.GOP,1
conservativefans.com,1
conservativepost.com,1
consumeraffairs.com,1
consumerist.com,1
conventionofstates.com,1
cosmopolitan.co.uk,1
counton2.com,1
cpj.org,1
cracked.com,1
crosscut.com,1
csmonitor.com,1
ctmirror.org,1
ctv.news,1
daily-hiphop.com,1
dailycampus.com,1
dailyjobcuts.com,1
dailypole.com,1
dailyprincetonian.com,1
dailystar.co.uk,1
dailywesterner.com,1
dazeddigital.com,1
DCreport.org,1
deadspin.com,1
dearkitty1.wordpress.com,1
dearreaderblog.net,1
deerapples.wordpress.com,1
defenseone.com,1
delivery.acm.org,1
democratandchronicle.com,1
democratmo.wordpress.com,1
densho.org,1
detne.ws,1
did.You,1
digital.vpr.net,1
dimon.navalny.com,1
Dimon.navalny.com,1
directaccessworldwidemag.com,1
disc.yourwebapps.com,1
dissentmagazine.org,1
distractify.com,1
diversityinc.com,1
dl.acm.org,1
do.not.care,1
DocDigest.com,1
docs.unocha.org,1
donaldjtrump.com,1
donate.climaterealityproject.org,1
donorbox.org,1
donothingfortrump.com,1
drawnoutdad.bigcartel.com,1
drsusanna.org,1
drumpfshit360.com,1
dub.io,1
eaglerising.com,1
earlier.now,1
earthjustice.org,1
earthoceanskyredux.files.wordpress.com,1
east-west-dichotomy.com,1
economist.com,1
edf.org,1
electionado.com,1
elephrame.com,1
embeds.audioboom.com,1
emedicinehealth.com,1
enerficiency.wordpress.com,1
engadget.com,1
enterprisenews.com,1
espnfc.com,1
espnfc.us,1
espresso.economist.com,1
essexnewsdaily.com,1
eurasiareview.com,1
everitas.univmiami.net,1
everydayfeminism.com,1
evidence.You,1
exjournalistsunite.wordpress.com,1
express.co.uk,1
extranewsfeed.com,1
f24.my,1
factcheck.org,1
fair.org,1
faireconomy.org,1
faith.flights,1
fastcoexist.com,1
fb.com,1
fdesouche.com,1
feedmykitty.wordpress.com,1
filmsforaction.org,1
fincen.gov,1
fireandreamitchell.com,1
firstamendmentco.com,1
fisc.uscourts.gov,1
fjc.gov,1
flic.kr,1
flsenate.gov,1
flyheight.com,1
food.good.is,1
for.tn,1
fordfoundation.org,1
foundryumc.org,1
fox13now.com,1
fox17online.com,1
fox2detroit.com,1
fox5atlanta.com,1
fox6now.com,1
foxla.com,1
franken.senate.gov,1
ftgf-seattle.com,1
furmancenter.org,1
futurism.com,1
fwwat.ch,1
gallup.com,1
gazettextra.com,1
gcbl.org,1
genxmedia.wordpress.com,1
geo.coop,1
getitgotitgood2.tumblr.com,1
gettyimages.ca,1
gfntv.com,1
gfycat.com,1
ghionjournal.com,1
ghostbin.com,1
glaad.nationbuilder.com,1
glamour.com,1
glblctzn.me,1
globalprogressivehub.org,1
globalresearch.ca,1
globaltab.net,1
go.newsfusion.com,1
go90.com,1
Gocomics.com,1
goerie.com,1
Gofundme.com,1
good.is,1
goodreads.com,1
goods.You,1
google.be,1
google.co.nz,1
google.com.mx,1
goto.gg,1
graphiq.com,1
grbwomensinitiative.org,1
greenlining.org,1
grunge.com,1
guernicamag.com,1
guerzonmills.com,1
hannity.com,1
harriet-tubman.org,1
harvardmagazine.com,1
hbr.org,1
heavy.com,1
heraldnet.com,1
heraldsun.com.au,1
hindustantimes.com,1
history.com,1
hivplusmag.com,1
hollywoodlife.com,1
houseofrauk.bigcartel.com,1
houstonchronicle.com,1
howafrica.com,1
howappealing.abovethelaw.com,1
howlongtiltrumpsgone.com,1
hrc.im,1
huckmagazine.com,1
humperbumper.com,1
hustleandgrynd.com,1
hwcdn.libsyn.com,1
hypebot.com,1
hypocrites.Vote,1
i-d.vice.com,1
ibtimes.co.uk,1
ice.gov,1
idiotfreezone.com,1
iflscience.com,1
ifunny.co,1
ifyouonlynews.com,1
illinoishomepage.net,1
images-cdn.9gag.com,1
images.newrepublic.com,1
imgur.com,1
impeachthemotherfuckeralready.com,1
impeachtrump.com,1
indianexpress.com,1
indiemusicspin.com,1
indivisibleastoria.com,1
indivisibleaustin.com,1
indivisibleidaho.com,1
inkletter.com,1
instructables.com,1
insurancenewsnet.com,1
inthesestreets.com,1
inverse.com,1
ireader.olivesoftware.com,1
islamhouse.com,1
Israelunite.org,1
issueone.org,1
it.slashdot.org,1
itch.io,1
itsgoingdown.org,1
itv.com,1
jainprecisiontools.com,1
jbhe.com,1
jewishcharleston.org,1
joebentivegna.com,1
johnjamesford.com,1
journeywitme.wixsite.com,1
jouz.es,1
jpmccarthypolitics.wordpress.com,1
jpmorrison.com,1
jrnl.ie,1
juancole.com,1
JustJasmineBlog.com,1
kafila.online,1
Kalif.Spike.com,1
kalw.org,1
kboo.org,1
kcra.com,1
KING5.com,1
kingencyclopedia.stanford.edu,1
kiro.tv,1
kontrolmag.com,1
koreajoongangdaily.joins.com,1
kristv.com,1
ksl.com,1
kstp.com,1
ktvu.com,1
kvrr.com,1
launchgood.com,1
lawofficer.com,1
leejasper.blogspot.co.uk,1
leftliberal.com,1
leftofsinister.blogspot.com,1
legalinsurrection.com,1
lemonde.fr,1
leoweekly.com,1
LetsTalkRaeStyle.com,1
letter2congress.rallycongress.com,1
libertarianchristians.com,1
linkedin.com,1
lithub.com,1
littlegreenfootballs.com,1
liveleak.com,1
livestream.com,1
ljean.com,1
local10.com,1
longreads.com,1
louisaleontiades.com,1
LoveLove.Love,1
lrb.co.uk,1
m.arktimes.com,1
m.centralctcommunications.com,1
m.chron.com,1
m.dcourier.com,1
m.democracynow.org,1
m.fox19.com,1
m.imdb.com,1
m.lasvegassun.com,1
m.news9.com,1
m.nzherald.co.nz,1
m.ocregister.com,1
m.orlandoweekly.com,1
m.sacurrent.com,1
m.seattlepi.com,1
m.startribune.com,1
m.wmctv.com,1
m4bl.org,1
madeintheusa.com,1
madison365.com,1
madworldnews.com,1
maewestside.tumblr.com,1
mairing.com,1
mapi.huffpost.com,1
march.You,1
marchforscience.com,1
marxists.org,1
masshist.org,1
mayoclinic.org,1
mbird.com,1
mediacircus.com,1
mediafire.com,1
meetu.ps,1
melanin.university,1
mermelstein4judge.org,1
merryjane.com,1
metro.co.uk,1
metronews.ca,1
mgafrica.com,1
miami.cbslocal.com,1
miaminewtimes.com,1
microaggressionstories.tumblr.com,1
miles.app.link,1
milwaukeenns.org,1
minds.com,1
mindy-fischer-writer.com,1
minettareview.wordpress.com,1
minnpost.com,1
mirror.co.uk,1
missingkids.com,1
missoulian.com,1
mixcloud.com,1
moby.to,1
mollyjossoutloud.wordpress.com,1
monbiot.com,1
montgomeryadvertiser.com,1
morehouse.edu,1
motherboard.vice.com,1
motto.time.com,1
MoveOn.org,1
mrsdkrebs.edublogs.org,1
mynews13.com,1
mypalmbeachpost.com,1
MyUrbanAccess.com,1
nabrpseattle.wordpress.com,1
nacla.org,1
nakedgirlzblog.info,1
naptowndontsleep.org,1
narcissistdonaldtrump.blogspot.com,1
nareb.com,1
narf.org,1
nasdaq.com,1
nationalfairhousing.org,1
nbcnews-com.newsvine.com,1
nbcnewyork.com,1
nbcsandiego.com,1
nbcwashington.com,1
necn.com,1
netargv.com,1
nevadaforward.com,1
newcenturytimes.com,1
newpol.org,1
news.fastcompany.com,1
news.miami.edu,1
news.nationalgeographic.com,1
news.streetroots.org,1
newsfortvmajors.com,1
newsobserver.com,1
newspatriot.net,1
nextgov.com,1
niemanlab.org,1
nimh.nih.gov,1
northcrane.com,1
not-up-for-grabs.org,1
notforhiremedia.org,1
novella2000.it,1
nwk.ee,1
nytlive.nytimes.com,1
NYXT.nyc,1
nzh.tw,1
nzzl.us,1
o.org,1
observers.france24.com,1
occidentaldissent.com,1
odr.dc.gov,1
offthekuff.com,1
okayafrica.com,1
omaha.com,1
on.cc.com,1
on.cpsj.com,1
on.dnj.com,1
on.ft.com,1
on.msnbc.com,1
on.mtv.com,1
on.nrdc.org,1
on.thegrio.com,1
onegreenplanet.org,1
ontario.ca,1
oppositionreport.com,1
ottawacitizen.com,1
out.com,1
overlawyered.com,1
pagesix.com,1
pajheil.blogspot.com,1
PalmerReport.com,1
patch.com,1
pawar2018.com,1
pbs.twimg.com,1
pca.st,1
pdora.co,1
pe.com,1
pegasustheatre.org.uk,1
peoplepower.org,1
PeoplePower.org,1
phatznewsroom.com,1
phila.legistar.com,1
phillyinfocus.com,1
phoenixbt.weebly.com,1
photographyisnotacrime.com,1
photos.google.com,1
phy.so,1
pilotonline.com,1
pin.it,1
pinterest.com,1
piperatthegatesofpandemonium.wordpress.com,1
play.google.com,1
player.tritondigital.com,1
pllqt.it,1
plus.google.com,1
pocket.co,1
poetry.hannahsix.com,1
policingproject.org,1
politicalaction.news,1
politicaldig.com,1
politicaledu.org,1
politicalstorm.com,1
post-gazette.com,1
postcardresistance.org,1
predictit.org,1
premierchristianradio.com,1
pressofatlanticcity.com,1
presstv.com,1
presterity.org,1
preview.tinyurl.com,1
prlog.org,1
progressivelibrariansguild.org,1
psychcentral.com,1
publicintegrity.org,1
publicnewsservice.org,1
publico.es,1
publiuspig.wordpress.com,1
qklnk.co,1
qshabazz.typeform.com,1
quiltednorthern.bandcamp.com,1
radicalteacher.net,1
radioopensource.org,1
randomhouse.com,1
randompublicjournal.com,1
ranker.com,1
ranktribe.com,1
ratical.org,1
rawprogressive.com,1
realclearpolitics.com,1
realtimepolitics.com,1
redpilledalpha.com,1
redstate.com,1
refinery29.com,1
refusefascism.org,1
religionnews.com,1
repeaterbooks.com,1
ResistanceCalendar.org,1
resistancetimes.com,1
resistfromday1.org,1
resistlist.co.uk,1
reuters.tv,1
ReVOTE2017.org,1
rgj.com,1
richardsullivan4congress.com,1
rickwells.us,1
rightwingart.com,1
rightwingwatch.org,1
ripl.com,1
riseupforstudents.org,1
riverteethjournal.com,1
robbell.podbean.com,1
robertreich.org,1
robertscribbler.com,1
rollingout.com,1
rubenmajor.com,1
Russianbrides.com,1
rviv.ly,1
s.cleveland.com,1
saintpaulpioneerpress.mn.newsmemory.com,1
sandiegouniontribune.com,1
saralynnhess.tumblr.com,1
sarcasmandlemons.com,1
saveparadiseforests.eu,1
scandal.Now,1
scared.You,1
schedule.sxswedu.com,1
schumer.senate.gov,1
scienceinschool.org,1
sco.lt,1
screenrant.com,1
search.yahoo.com,1
sec.gov,1
secure.foodandwaterwatch.org,1
secure.pfaw.org,1
secure.ppaction.org,1
secure2.convio.net,1
secure2.edf.org,1
sell.io,1
senate.gov,1
sfaa.net,1
sfchronicle.com,1
shadowandact.com,1
shadowproof.com,1
shannanvo.com,1
sharebears.net,1
shazrasul.wordpress.com,1
shirt.woot.com,1
sify.com,1
silencekilledthedinosaurs.com,1
skorpen.tumblr.com,1
slades.bar,1
slj.com,1
smar.ws,1
smashculturalmarxism.com,1
smobserved.com,1
sobadsogood.com,1
soc.ucsb.edu,1
sott.net,1
southseattleemerald.com,1
sowetanlive.co.za,1
speier.house.gov,1
speronews.co,1
spokesman-recorder.com,1
spon.de,1
sports.yahoo.com,1
spreaker.com,1
spring.st,1
StampStampede.org,1
standard.co.uk,1
star-telegram.com,1
STENCILACTIV.WIXSITE.COM,1
stltoday.com,1
stocki.typepad.com,1
store.altnps.org,1
store.playstation.com,1
store.Store,1
strangerfruit.com,1
StrongMamaBlog.com,1
sumof.us,1
sun-sentinel.com,1
sunlightfoundation.com,1
supremecourt.gov,1
sutori.com,1
tabletmag.com,1
tcpros.co,1
teaparty.org,1
tech.slashdot.org,1
technical.ly,1
Teespring.com,1
telanganatoday.news,1
telegram.com,1
tennessean.com,1
thart.co,1
the-real-eye-to-see.tumblr.com,1
theaerogram.com,1
theantimedia.org,1
theatlantic.gq,1
theblackson.com,1
theconmom.wordpress.com,1
theconservativetreehouse.com,1
thecurrentpolitics.com,1
thedailybanter.com,1
thedailymash.co.uk,1
thedenverchannel.com,1
thedesertdissenter.com,1
thedo.do,1
thefader.com,1
thefederalistpapers.org,1
thefeministmegaphone.com,1
thefreethoughtproject.com,1
thefyneprynt.com,1
thegrapevine.theroot.com,1
thegrio.com,1
thehindu.com,1
thehotline.org,1
theindychannel.com,1
theknow.denverpost.com,1
thelifemanagementalliance.com,1
theloyalopposition.net,1
thememoryhole2.org,1
themfamonthly.wordpress.com,1
themiamihurricane.com,1
themissouriinjuryblog.com,1
thenewstribune.com,1
theolivepress.es,1
theonion.com,1
theothermccain.com,1
thepantheronline.com,1
theplayerstribune.com,1
theproudliberal.org,1
thepublicprofessor.com,1
thequint.com,1
therealnews.com,1
therebel.media,1
therevue.ca,1
theroseresistance.com,1
thescene.com,1
theschnittshow.com,1
thesecularjurist.wordpress.com,1
theshadowleague.com,1
thesharechannel.com,1
thesparkmag.com,1
thestate.com,1
thesun.co.uk,1
thetimes.co.uk,1
theweeklings.com,1
This.will.destroy.our.country,1
thoughtcrimepress.com,1
timeline.com,1
tiny.iavian.net,1
tlynnfaz.com,1
tmiproject.org,1
today.com,1
tomsongs.bandcamp.com,1
toomey.senate.gov,1
torontoist.com,1
torrentfreak.com,1
towleroad.com,1
townhallproject.com,1
trace.tv,1
trayvonmartinfoundation.org,1
treasury.gov,1
triciaknoll.com,1
trueislam.com,1
trump.kimalbrecht.com,1
TrumpRussia.com,1
tundra-products.myshopify.com,1
twitchy.com,1
ucc.org,1
ucommblog.com,1
uk.businessinsider.com,1
uk.news.yahoo.com,1
uk.reuters.com,1
umairhaque.com,1
umwa.org,1
unchallenged.WTF,1
undergroundhiphopblog.com,1
uniteblue.org,1
unmevents.unm.edu,1
unstrippedvoice.com,1
up.You,1
upflow.co,1
upi.com,1
uproxx.com,1
urbncape.co.za,1
urge.org,1
us.blastingnews.com,1
us.tomonews.net,1
us15.campaign-archive1.com,1
uscis.gov,1
utwente.nl,1
uusc.org,1
v.ht,1
via.fox6now.com,1
vid.me,1
video.foxbusiness.com,1
vine.co,1
viralstyle.com,1
Viralstyle.com,1
viralthread.com,1
voanews.com,1
vogue.com,1
voicesforhealthykids.org,1
volkskrant.nl,1
vote.us.org,1
votejamesthompson.com,1
votesmart.org,1
washingtonpost-com.cdn.ampproject.org,1
watch.cbc.ca,1
watchingthewheelsdad.net,1
wbadc.org,1
wbur.fm,1
wbur.org,1
wcvb.com,1
wdsu.com,1
wearyourvoicemag.com,1
weather.com,1
weatherforddemocrat.com,1
web.archive.org,1
weeklystandard.com,1
weimpeach.org,1
westernjournalism.com,1
westsiderag.com,1
Wethoughttheywerewhite.weebly.com,1
wflx.com,1
whatdoidoabouttrump.com,1
whoismyrepresentative.com,1
whytrumpisgreat.com,1
winning.How,1
wionews.com,1
wisn.com,1
wnd.com,1
wnyc.org,1
wokenc.com,1
wokevideo.com,1
worldnewsdailyreport.com,1
worldtribune.com,1
worldvoices.pen.org,1
wpr.org,1
wptv.com,1
wrbl.com,1
wristsofresistance.com,1
wsav.com,1
wvtm13.com,1
wzzm13.com,1
xojane.com,1
yahoonewsdigest-us.tumblr.com,1
yaledailynews.com,1
ydr.com,1
Youlobby.org,1
yourstrulylinaco.com,1
yourtango.com,1
yumpu.com,1
